date,closed pnl_count,closed pnl_sum,closed pnl_mean,closed pnl_median,closed pnl_std,win_mean,size tokens_mean,size tokens_median,classification,value,sentiment_numeric,date_dt
2023-01-05,3,0.0,0.0,0.0,0.0,0.0,0.08376666666666666,0.0824,Fear,29.0,29.0,2023-01-05
2023-05-12,9,0.0,0.0,0.0,0.0,0.0,1.3121122222222223,0.58211,Neutral,49.0,49.0,2023-05-12
2023-12-14,11,-205.43473700000007,-18.675885181818188,0.0,179.66353383090035,0.36363636363636365,372.0262736363636,87.59,Greed,72.0,72.0,2023-12-14
2023-12-15,2,-24.632033999999997,-12.316016999999999,-12.316016999999999,4.474304424985184,0.0,1779.0,1779.0,Greed,70.0,70.0,2023-12-15
2023-12-16,3,0.0,0.0,0.0,0.0,0.0,13299.0,12166.0,Greed,67.0,67.0,2023-12-16
2023-12-17,14,304.982785,21.78448464285714,0.02676,43.51261683426808,0.5,6160.460614285715,5812.45,Greed,73.0,73.0,2023-12-17
2023-12-18,2,0.0,0.0,0.0,0.0,0.0,7.153,7.153,Greed,65.0,65.0,2023-12-18
2023-12-19,15,1000.5386120000001,66.70257413333334,4.502567,183.73537011741135,0.6666666666666666,10769.753733333333,12824.0,Greed,73.0,73.0,2023-12-19
2023-12-20,18,162.732282,9.040682333333333,0.0,21.3481314287044,0.4444444444444444,9695.566666666668,1042.85,Greed,74.0,74.0,2023-12-20
2023-12-21,49,537.211402,10.963498000000001,0.032592,20.811624735703514,0.5306122448979592,27.84285714285714,23.68,Greed,70.0,70.0,2023-12-21
2023-12-22,10,141.832675,14.1832675,0.0,40.92671758278208,0.2,245.07491,0.32342,Greed,74.0,74.0,2023-12-22
2023-12-23,13,146.936704,11.302823384615383,10.836504,11.478402785910806,0.6153846153846154,10897.33846153846,13339.0,Greed,70.0,70.0,2023-12-23
2023-12-24,39,1008.619956,25.862050153846155,0.0,52.267012077476366,0.38461538461538464,7299.543489230769,1804.0,Greed,71.0,71.0,2023-12-24
2023-12-25,3,-245.081348,-81.69378266666666,0.0,141.49778224115633,0.0,8.793733333333334,12.7444,Greed,73.0,73.0,2023-12-25
2023-12-27,28,-704.8892269999999,-25.174615249999995,0.0,153.67464419092525,0.14285714285714285,16269.285714285714,15126.0,Greed,73.0,73.0,2023-12-27
2023-12-28,23,-970.730876,-42.20569026086957,-13.250952,55.01514381004261,0.0,11467.478260869566,11915.0,Greed,73.0,73.0,2023-12-28
2023-12-29,50,508.92214299999995,10.178442859999999,0.0,78.11192586732814,0.3,316.8720516,252.375,Greed,65.0,65.0,2023-12-29
2023-12-30,52,354.998648,6.826897076923077,0.0,68.40190063585914,0.4423076923076923,3046.1517753846156,1.16876,Greed,68.0,68.0,2023-12-30
2024-01-01,18,-129.53146,-7.196192222222223,0.0,85.84776860469921,0.05555555555555555,232.15481333333335,8.09151,Greed,65.0,65.0,2024-01-01
2024-01-02,6,0.0,0.0,0.0,0.0,0.0,7497.666666666667,5669.5,Greed,71.0,71.0,2024-01-02
2024-01-03,137,8244.241409,60.176944591240876,27.04384,111.95860869453276,0.9343065693430657,189669.1678832117,878.0,Greed,70.0,70.0,2024-01-03
2024-01-04,77,2507.963406,32.57095332467532,0.54675,92.06770180124278,0.5454545454545454,124200.39438181819,1060.0,Greed,68.0,68.0,2024-01-04
2024-01-05,14,0.0,0.0,0.0,0.0,0.0,2.1303571428571426,1.6883,Greed,72.0,72.0,2024-01-05
2024-01-06,25,91.510419,3.66041676,0.0,7.909299454844354,0.36,19997.52,485.0,Greed,70.0,70.0,2024-01-06
2024-01-07,64,5065.839308,79.1537391875,0.0,207.33447463371925,0.40625,19175.58593125,86.25,Greed,71.0,71.0,2024-01-07
2024-01-08,57,167.080017,2.9312283684210527,0.0,23.197203266011744,0.07017543859649122,5137.320734096491,3.937,Greed,71.0,71.0,2024-01-08
2024-01-09,12,137.433093,11.452757750000002,0.0,25.479618769976113,0.4166666666666667,487.2467616666666,317.70000000000005,Extreme Greed,76.0,76.0,2024-01-09
2024-01-10,4,0.0,0.0,0.0,0.0,0.0,0.56409,0.5119549999999999,Greed,73.0,73.0,2024-01-10
2024-01-11,23,1040.475736,45.238075478260875,0.0,154.1983753462747,0.2608695652173913,2519.099794347826,1452.0,Extreme Greed,76.0,76.0,2024-01-11
2024-01-12,416,40886.364494,98.28453003365385,0.5600160000000001,338.03944268346726,0.53125,8557.978933701948,73.035,Greed,71.0,71.0,2024-01-12
2024-01-15,14,152.85358,10.918112857142857,2.4946450000000002,33.645786328134285,0.6428571428571429,0.10228000000000001,0.00455,Neutral,52.0,52.0,2024-01-15
2024-01-16,9,-2299.171458,-255.4634953333333,0.0,883.8757688873994,0.3333333333333333,289.79784666666666,92.7,Greed,64.0,64.0,2024-01-16
2024-01-17,53,813.2741110000001,15.344794547169812,0.0,75.6265391448607,0.20754716981132076,76.50986150943396,1.04142,Greed,60.0,60.0,2024-01-17
2024-01-18,46,68.93319,1.4985476086956522,0.0,39.503091785872144,0.06521739130434782,2.0375169565217393,0.0468,Greed,63.0,63.0,2024-01-18
2024-01-19,48,-385.419235,-8.029567395833334,0.0,51.79852685525565,0.125,36.55703333333333,0.18580000000000002,Neutral,51.0,51.0,2024-01-19
2024-01-20,106,-146.57487000000003,-1.3827817924528305,0.0,38.554282761934644,0.14150943396226415,2420.192043962264,1.0266,Neutral,52.0,52.0,2024-01-20
2024-01-21,11,266.58114600000005,24.234649636363642,0.0,65.56080670770307,0.2727272727272727,4022.930484545455,4.0,Greed,56.0,56.0,2024-01-21
2024-01-22,85,1375.640959,16.18401128235294,0.0,80.41613478472654,0.27058823529411763,1846.7937490588236,24.5,Greed,55.0,55.0,2024-01-22
2024-01-23,45,-369.2447299999998,-8.20543844444444,0.0,613.9643726523253,0.24444444444444444,1935.7830824444445,16.13,Neutral,50.0,50.0,2024-01-23
2024-01-24,68,-2808.353815,-41.29932080882353,0.0,149.8053621490879,0.14705882352941177,708.2411851470588,1.177375,Neutral,48.0,48.0,2024-01-24
2024-01-25,6,-3093.6293849999997,-515.6048975,-481.44219250000003,356.6379016697523,0.0,126.13833333333332,118.015,Neutral,52.0,52.0,2024-01-25
2024-01-26,5,90.2,18.04,0.0,40.33866631409621,0.2,19053.4,20000.0,Neutral,49.0,49.0,2024-01-26
2024-01-28,11,-2478.06972,-225.27906545454545,-68.216526,262.6842407250483,0.0,97.0909090909091,29.4,Neutral,54.0,54.0,2024-01-28
2024-01-29,74,486.562542,6.5751694864864865,0.0479375,28.607026832226527,0.6081081081081081,3210.857934054054,0.72336,Greed,55.0,55.0,2024-01-29
2024-01-30,49,-173.65419100000003,-3.5439630816326537,0.0,55.423048103905174,0.10204081632653061,1.8660799999999997,0.05804,Greed,61.0,61.0,2024-01-30
2024-01-31,859,-799.840817,-0.93113017112922,0.0,21.84950915114784,0.2689173457508731,49.809440104772996,0.0846,Greed,60.0,60.0,2024-01-31
2024-02-01,17,783.979116,46.11641858823529,0.0,134.42834386429288,0.47058823529411764,12248.13852117647,3175.0,Greed,63.0,63.0,2024-02-01
2024-02-02,42,456.423473,10.867225547619048,0.0,41.93124714430262,0.30952380952380953,1003.3270671428572,1.5717,Greed,63.0,63.0,2024-02-02
2024-02-03,31,230.90060000000005,7.448406451612905,1.3124,250.64780257055287,0.6774193548387096,21023.645161290322,460.0,Greed,60.0,60.0,2024-02-03
2024-02-04,41,883.760812,21.555141756097562,0.0,78.23542802217051,0.2926829268292683,145.3196317073171,1.099,Greed,60.0,60.0,2024-02-04
2024-02-06,93,192.906947,2.074268247311828,0.0,4.425015055071825,0.3655913978494624,336.43548387096774,172.0,Greed,64.0,64.0,2024-02-06
2024-02-07,18,2421.253116,134.514062,10.35,226.36405308073617,0.7222222222222222,634.4611111111112,58.5,Greed,62.0,62.0,2024-02-07
2024-02-08,63,782.3681909999999,12.418542714285714,0.0,44.14907581961201,0.2698412698412698,1084.6567308063493,0.687,Greed,66.0,66.0,2024-02-08
2024-02-09,2,0.0,0.0,0.0,0.0,0.0,6.18285,6.18285,Greed,72.0,72.0,2024-02-09
2024-02-10,4,0.0,0.0,0.0,0.0,0.0,0.4102475,0.34402499999999997,Greed,74.0,74.0,2024-02-10
2024-02-11,2,0.0,0.0,0.0,0.0,0.0,0.29036,0.29036,Greed,71.0,71.0,2024-02-11
2024-02-12,270,18489.604313,68.48001597407408,0.0,379.90364074572494,0.4074074074074074,781.3549586666667,68.745,Greed,70.0,70.0,2024-02-12
2024-02-13,14,559.44389,39.960277857142856,30.05825,37.98023035380744,1.0,2368.4285714285716,1711.5,Extreme Greed,79.0,79.0,2024-02-13
2024-02-14,111,3830.599833,34.509908405405405,16.74,46.39591290180694,0.7477477477477478,1449.0061737837837,362.0,Greed,74.0,74.0,2024-02-14
2024-02-15,63,1840.797677,29.219010746031746,13.15072,316.49357810076214,0.9047619047619048,771.4092903174603,155.1,Greed,72.0,72.0,2024-02-15
2024-02-16,182,5491.768834,30.174554032967034,11.42332,123.4402416266129,0.8021978021978022,67960.78650631868,296.0,Greed,72.0,72.0,2024-02-16
2024-02-17,94,1929.6418,20.52810425531915,4.1904,60.99818527497303,0.648936170212766,2364.6820122340428,338.3,Extreme Greed,76.0,76.0,2024-02-17
2024-02-18,97,477.6248299999999,4.923967319587628,6.59648,82.70537448739243,0.6288659793814433,1774.6742268041237,1179.0,Greed,72.0,72.0,2024-02-18
2024-02-19,101,4317.768563,42.750183792079206,10.73646,118.65122386431476,0.7623762376237624,2693.6039687128714,513.9,Extreme Greed,75.0,75.0,2024-02-19
2024-02-20,39,3263.628824,83.68279035897436,13.6526,192.32028933388216,0.7948717948717948,1789.2820620512819,99.9,Greed,72.0,72.0,2024-02-20
2024-02-21,22,1858.7985700000002,84.49084409090909,25.544000000000004,124.40293552909927,0.6818181818181818,7780.979090909092,371.6,Extreme Greed,78.0,78.0,2024-02-21
2024-02-22,88,3894.1050699999996,44.25119397727272,0.0,227.58249822355432,0.45454545454545453,1930.925004772727,1104.85,Greed,74.0,74.0,2024-02-22
2024-02-23,143,1418.55293,9.91995055944056,7.189966,13.037213323027334,0.958041958041958,304.66713580419577,125.3,Extreme Greed,76.0,76.0,2024-02-23
2024-02-25,5,-30.7705,-6.1541,0.0,8.951179489427636,0.0,1580.0,1427.0,Greed,74.0,74.0,2024-02-25
2024-02-26,39,4416.8473,113.25249487179488,31.028709,224.52232628850106,0.8717948717948718,1725.5384615384614,244.4,Greed,72.0,72.0,2024-02-26
2024-02-27,63,888.511733,14.103360841269842,0.0,91.69654366328295,0.4126984126984127,1861.823492063492,540.0,Extreme Greed,79.0,79.0,2024-02-27
2024-02-28,45,2503.747235,55.63882744444444,18.122,130.75309252773027,0.8666666666666667,197876.56888888887,31000.0,Extreme Greed,82.0,82.0,2024-02-28
2024-02-29,116,9813.996992,84.60342234482759,29.654400000000003,149.76818963391887,0.8620689655172413,65112.63086206896,1687.25,Extreme Greed,80.0,80.0,2024-02-29
2024-03-01,67,866.015507,12.925604582089552,0.0,50.415365667933756,0.417910447761194,962.718319402985,217.1,Extreme Greed,80.0,80.0,2024-03-01
2024-03-02,56,223.30918699999998,3.9876640535714283,0.0,68.62663189543068,0.10714285714285714,172.52263482142857,0.11955,Extreme Greed,80.0,80.0,2024-03-02
2024-03-03,79,8361.086245,105.83653474683545,15.04116,199.82398269178753,0.6835443037974683,617403.642278481,7453.0,Extreme Greed,83.0,83.0,2024-03-03
2024-03-04,4,126.7884,31.6971,0.0,63.3942,0.25,577.5,738.0,Extreme Greed,82.0,82.0,2024-03-04
2024-03-05,36,5306.017045,147.3893623611111,0.0,280.85451321791754,0.4722222222222222,1181.3186777777778,4.3891,Extreme Greed,90.0,90.0,2024-03-05
2024-03-06,70,562.808208,8.040117257142859,4.63499,11.849209775400267,0.6285714285714286,274.2757142857143,162.6,Extreme Greed,75.0,75.0,2024-03-06
2024-03-07,18,1118.387284,62.132626888888886,0.0,130.94390209637675,0.2222222222222222,14.254511111111112,5.6843,Extreme Greed,82.0,82.0,2024-03-07
2024-03-08,37,464.1897,12.545667567567568,0.0,76.3123165975776,0.02702702702702703,1943.726457837838,2.909,Extreme Greed,81.0,81.0,2024-03-08
2024-03-10,9,100.375782,11.152864666666666,0.0,20.273575382952355,0.3333333333333333,419.77671,136.23,Extreme Greed,79.0,79.0,2024-03-10
2024-03-11,6,0.0,0.0,0.0,0.0,0.0,21569.436363333334,0.58726,Extreme Greed,82.0,82.0,2024-03-11
2024-03-12,374,23576.539285,63.03887509358289,0.0,229.00768096588675,0.4304812834224599,671.7823864171123,50.0,Extreme Greed,81.0,81.0,2024-03-12
2024-03-13,7,0.0,0.0,0.0,0.0,0.0,0.21608571428571427,0.0701,Extreme Greed,81.0,81.0,2024-03-13
2024-03-14,18,3465.865832,192.5481017777778,50.144227,254.30826281723253,0.8888888888888888,31332.350700000003,207.25,Extreme Greed,88.0,88.0,2024-03-14
2024-03-15,62,6236.513651,100.58892985483871,24.1152,195.43403376403242,0.6612903225806451,189124.04668870967,616.0,Extreme Greed,83.0,83.0,2024-03-15
2024-03-16,8,228.57984,28.57248,0.0,80.815177453268,0.125,139044.303025,1.5189,Extreme Greed,81.0,81.0,2024-03-16
2024-03-17,23,503.293955,21.882345869565217,0.0,43.52556412856168,0.43478260869565216,24.919056521739133,2.2452,Extreme Greed,79.0,79.0,2024-03-17
2024-03-18,19,1456.9577,76.68198421052631,0.0,275.58147845163944,0.3157894736842105,1047.3854368421053,1.4075,Extreme Greed,77.0,77.0,2024-03-18
2024-03-19,24,668.797973,27.86658220833333,0.0,103.69610917201797,0.20833333333333334,7344.295204166666,150.5,Extreme Greed,79.0,79.0,2024-03-19
2024-03-20,69,6423.134599,93.08890723188406,14.004,320.69467412818193,0.8695652173913043,2866.2952347826085,390.0,Greed,74.0,74.0,2024-03-20
2024-03-21,28,2335.5080749999997,83.41100267857142,27.4342,153.73594964500796,0.8214285714285714,5736.172092857143,750.0,Extreme Greed,78.0,78.0,2024-03-21
2024-03-24,19,1297.018477,68.26413036842105,35.104212,84.64288646631248,0.7894736842105263,538.7263157894737,289.6,Greed,74.0,74.0,2024-03-24
2024-03-25,7,1302.916428,186.13091828571427,149.807117,173.14631124356953,0.8571428571428571,2.279657142857143,1.7377,Extreme Greed,75.0,75.0,2024-03-25
2024-03-26,118,3215.906593,27.253445703389833,18.078525,39.504335702364344,0.9322033898305084,283.4343694915254,62.8,Extreme Greed,81.0,81.0,2024-03-26
2024-03-27,38,150.41114,3.9581878947368416,0.0,13.739361367709469,0.3157894736842105,361.11549368421055,0.43374999999999997,Extreme Greed,83.0,83.0,2024-03-27
2024-03-28,13,227.85100799999998,17.527000615384615,12.233936,21.04651492781009,0.6923076923076923,30659.364969230766,10694.0,Extreme Greed,80.0,80.0,2024-03-28
2024-03-29,15,883.097404,58.873160266666666,0.0,95.5086831563824,0.4,1.6297,0.8468,Extreme Greed,79.0,79.0,2024-03-29
2024-03-30,45,1100.57514,24.45722533333333,10.11075,52.44350104198017,0.9777777777777777,11507.333333333334,2514.0,Extreme Greed,75.0,75.0,2024-03-30
2024-03-31,13,912.786145,70.21431884615384,16.0695,112.05139600499244,0.7692307692307693,0.8463384615384617,0.15,Extreme Greed,75.0,75.0,2024-03-31
2024-04-01,5,-67.60364,-13.520728,-0.0786,29.544005214373353,0.0,9.01916,1.5065,Extreme Greed,79.0,79.0,2024-04-01
2024-04-02,35,47.62389499999999,1.360682714285714,-0.02695,31.922762604224417,0.2571428571428571,597.2897454285715,1.4731,Extreme Greed,79.0,79.0,2024-04-02
2024-04-03,300,27799.775742,92.66591914,30.85353,152.8211043688667,0.8866666666666667,122975.3317346,16078.0,Greed,71.0,71.0,2024-04-03
2024-04-04,32,0.0,0.0,0.0,0.0,0.0,0.8838843749999999,0.28500000000000003,Greed,70.0,70.0,2024-04-04
2024-04-05,9,0.0,0.0,0.0,0.0,0.0,64436.475877777775,4.8314,Extreme Greed,79.0,79.0,2024-04-05
2024-04-06,53,52.211438,0.9851214716981133,0.0,2.4828445149485265,0.4716981132075472,46.85543735849057,21.3,Extreme Greed,75.0,75.0,2024-04-06
2024-04-07,25,0.0,0.0,0.0,0.0,0.0,12.119603999999999,6.191,Extreme Greed,78.0,78.0,2024-04-07
2024-04-08,127,-122672.000883,-965.9212667952756,0.0,3618.961540622186,0.023622047244094488,1787.7930654385825,0.8109,Extreme Greed,76.0,76.0,2024-04-08
2024-04-09,34,1065.785132,31.346621529411763,0.0,462.16602470807555,0.14705882352941177,1535.5995032352942,32.0,Extreme Greed,80.0,80.0,2024-04-09
2024-04-10,1,0.0,0.0,0.0,,0.0,307.367829,307.367829,Extreme Greed,78.0,78.0,2024-04-10
2024-04-11,36,2799.410474,77.76140205555555,29.134382,118.94285081013497,0.6388888888888888,3595.035491666667,0.313855,Extreme Greed,76.0,76.0,2024-04-11
2024-04-12,319,292891.815021,918.1561599404388,0.0,4090.2838520231076,0.46394984326018807,42272.5335437379,250.0,Extreme Greed,79.0,79.0,2024-04-12
2024-04-13,89,6621.451755,74.3983343258427,15.90732,185.05277424135176,0.6853932584269663,87261.12585393258,598.5,Greed,72.0,72.0,2024-04-13
2024-04-14,107,-36104.012520000004,-337.4206777570094,0.0,2139.677020173523,0.308411214953271,1122.766446728972,4.1991,Greed,72.0,72.0,2024-04-14
2024-04-15,41,3774.08872,92.05094439024391,14.65548,165.5095385447801,0.8536585365853658,6401.461214634147,704.0,Greed,74.0,74.0,2024-04-15
2024-04-16,47,2467.702221,52.504302574468085,17.7287,103.5102238356102,0.9148936170212766,5090.914893617021,719.0,Greed,65.0,65.0,2024-04-16
2024-04-17,14,2441.4683999999997,174.39059999999998,48.21955,232.6697853775852,0.9285714285714286,1365.2857142857142,227.8,Greed,67.0,67.0,2024-04-17
2024-04-19,35,1946.4454620000001,55.61272748571429,19.918472,114.02941773198246,0.7714285714285715,3.1411685714285715,1.8783,Greed,66.0,66.0,2024-04-19
2024-04-20,22,0.0,0.0,0.0,0.0,0.0,16537.492177272725,2863.0,Greed,66.0,66.0,2024-04-20
2024-04-22,9,0.0,0.0,0.0,0.0,0.0,1.6651222222222222,1.0844,Greed,73.0,73.0,2024-04-22
2024-04-23,66,1119.536196,16.962669636363636,0.07805000000000001,69.72604971216398,0.5303030303030303,2848.0353075757575,0.7585999999999999,Greed,71.0,71.0,2024-04-23
2024-04-24,20,279.185907,13.95929535,0.0,47.020172247729526,0.3,2.1910350000000003,2.309,Greed,72.0,72.0,2024-04-24
2024-04-25,74,0.0,0.0,0.0,0.0,0.0,5251.9349054054055,437.0,Greed,72.0,72.0,2024-04-25
2024-04-26,3,0.0,0.0,0.0,0.0,0.0,13684.0,5431.0,Greed,70.0,70.0,2024-04-26
2024-04-27,27,4281.488139,158.57363477777778,61.458,205.65189595972714,0.7037037037037037,1.754911111111111,0.9,Greed,67.0,67.0,2024-04-27
2024-04-28,58,0.0,0.0,0.0,0.0,0.0,2363.3308793103447,971.0,Greed,65.0,65.0,2024-04-28
2024-04-29,45,526.9338359999999,11.709640799999999,0.0,34.303515225260476,0.37777777777777777,725.2259133333334,1.4002,Greed,67.0,67.0,2024-04-29
2024-04-30,24,0.0,0.0,0.0,0.0,0.0,1.7244541666666666,0.665,Greed,67.0,67.0,2024-04-30
2024-05-01,66,164.141565,2.486993409090909,0.0,60.7235758141571,0.19696969696969696,3.815267575757576,0.415995,Neutral,54.0,54.0,2024-05-01
2024-05-02,72,-33.45419400000003,-0.4646415833333337,0.0,46.10792460482958,0.19444444444444445,413.078175,1.09763,Fear,43.0,43.0,2024-05-02
2024-05-03,180,19791.026041,109.95014467222222,34.3644515,195.65804028577477,0.9055555555555556,249929.40555555557,28592.0,Neutral,48.0,48.0,2024-05-03
2024-05-04,100,10706.484306,107.06484306,8.978760000000001,304.1028007265851,0.9,2085.152373,238.75,Greed,67.0,67.0,2024-05-04
2024-05-05,6,0.916,0.15266666666666667,0.0,0.37395543406489856,0.16666666666666666,2.6048,3.5923,Greed,69.0,69.0,2024-05-05
2024-05-06,54,56.055506,1.038064925925926,0.0,2.9096994557928553,0.2962962962962963,45.408776296296296,22.2,Greed,71.0,71.0,2024-05-06
2024-05-07,32,0.0,0.0,0.0,0.0,0.0,167.33809374999998,7.4216,Greed,68.0,68.0,2024-05-07
2024-05-08,80,-13013.665169,-162.6708146125,0.0,795.0273715447163,0.4125,5276.784429,3.0,Greed,64.0,64.0,2024-05-08
2024-05-09,1,0.0,0.0,0.0,,0.0,10818.93703,10818.93703,Greed,55.0,55.0,2024-05-09
2024-05-10,37,5767.161892,155.86924032432432,39.480396,217.0879728346648,0.6486486486486487,61.5911734054054,0.21828,Greed,66.0,66.0,2024-05-10
2024-05-11,10,678.4759280000001,67.8475928,10.511846,93.32108146532121,0.5,0.296249,0.27829,Neutral,53.0,53.0,2024-05-11
2024-05-12,456,71574.11848800001,156.96078615789474,0.0,1402.284112762816,0.4232456140350877,165.85519708333334,26.02,Greed,56.0,56.0,2024-05-12
2024-05-13,28,2136.853859,76.31620925,0.0,243.34956677379947,0.35714285714285715,1121.0985035714286,1.65165,Greed,57.0,57.0,2024-05-13
2024-05-14,23,1150.5233050000002,50.02275239130436,0.0,172.16967241498202,0.17391304347826086,2.1784826086956524,1.2,Greed,66.0,66.0,2024-05-14
2024-05-15,36,948.970582,26.360293944444447,0.0,49.856725134153635,0.4722222222222222,2.225477777777778,2.15655,Greed,64.0,64.0,2024-05-15
2024-05-16,27,214.5898,7.94777037037037,0.0,22.074222982345514,0.18518518518518517,981.2678481481481,1.1607,Greed,70.0,70.0,2024-05-16
2024-05-18,25,3522.3946610000003,140.89578644000002,6.828,227.39973415277277,0.64,1.617028,1.2916,Greed,73.0,73.0,2024-05-18
2024-05-19,8,0.0,0.0,0.0,0.0,0.0,1.2177,1.0137,Greed,72.0,72.0,2024-05-19
2024-05-20,10,-74.818442,-7.4818442,0.0,17.723593661416892,0.0,64.07617,1.8779,Greed,70.0,70.0,2024-05-20
2024-05-21,125,7289.397571999999,58.31518057599999,0.0,423.27708989145884,0.112,136.59607808,2.7,Extreme Greed,76.0,76.0,2024-05-21
2024-05-22,6,0.0,0.0,0.0,0.0,0.0,2.00875,1.8203,Extreme Greed,76.0,76.0,2024-05-22
2024-05-23,325,413.347329,1.2718379353846154,0.0,5.578175006741024,0.4461538461538462,9031.387665846154,585.0,Extreme Greed,76.0,76.0,2024-05-23
2024-05-24,2,821.949278,410.974639,410.974639,255.14111984227185,1.0,6.6079,6.6079,Greed,74.0,74.0,2024-05-24
2024-05-25,16,14.126038999999999,0.8828774374999999,0.0,1.5788774135169148,0.3125,535.853875,353.8,Extreme Greed,76.0,76.0,2024-05-25
2024-05-26,16,778.6839,48.66774375,0.0,184.14441743928418,0.25,353.725125,255.95,Extreme Greed,75.0,75.0,2024-05-26
2024-05-27,251,1129.35587,4.499425776892431,0.0,10.695100246439745,0.35856573705179284,5623.539922709163,757.4,Greed,74.0,74.0,2024-05-27
2024-05-29,164,277.791953,1.6938533719512194,0.0,4.9605585779682295,0.4146341463414634,1379.9740946341462,50.4,Greed,72.0,72.0,2024-05-29
2024-05-30,7,20.951433,2.9930618571428576,1.617104,3.7577088098581393,0.7142857142857143,80.75368285714286,10.16,Greed,73.0,73.0,2024-05-30
2024-05-31,13,25.35812,1.9506246153846154,0.0,3.8342365986890954,0.3076923076923077,6684.907692307693,315.4,Greed,73.0,73.0,2024-05-31
2024-06-01,22,135.58166400000002,6.16280290909091,0.0,37.338371573804935,0.45454545454545453,321.7012109090909,35.3842,Greed,72.0,72.0,2024-06-01
2024-06-02,1088,-215.615907,-0.19817638511029412,0.0,12.69131338108202,0.1645220588235294,50970.19511461397,0.15884500000000001,Greed,73.0,73.0,2024-06-02
2024-06-03,82,6814.825139,83.10762364634145,27.00537,146.9693030530839,0.8780487804878049,133599.34146341463,1193.2,Greed,73.0,73.0,2024-06-03
2024-06-04,16,236.33513399999998,14.770945874999999,0.0,42.149058574016486,0.25,1.28005,0.6787,Greed,73.0,73.0,2024-06-04
2024-06-05,9,968.59038,107.62115333333333,0.0,237.64601629026436,0.4444444444444444,7.342155555555554,4.6768,Extreme Greed,75.0,75.0,2024-06-05
2024-06-06,234,274.173187,1.1716802863247862,0.0,3.3659483181601715,0.42735042735042733,303.81933333333336,277.1,Extreme Greed,78.0,78.0,2024-06-06
2024-06-07,24,108.87217799999999,4.53634075,0.0,10.03473956812726,0.2916666666666667,40982.375,69420.0,Extreme Greed,77.0,77.0,2024-06-07
2024-06-08,107,267.318048,2.4982995140186914,0.0,8.28376598603028,0.12149532710280374,2856.466975981308,285.0,Greed,72.0,72.0,2024-06-08
2024-06-09,42,-1104.856765,-26.306113452380952,-24.855381,21.910908628012873,0.0,34.51507380952381,32.0,Extreme Greed,75.0,75.0,2024-06-09
2024-06-10,22,130.487079,5.9312308636363635,0.0,17.741123762831634,0.22727272727272727,0.2190022727272727,0.10252,Greed,72.0,72.0,2024-06-10
2024-06-11,15,2817.83723,187.85581533333334,0.0,309.14971367702964,0.4666666666666667,778.91158,0.14566,Greed,74.0,74.0,2024-06-11
2024-06-12,403,-92624.643895,-229.83782604218362,0.0,6326.353243835444,0.23325062034739455,269.6690576674938,19.27,Greed,72.0,72.0,2024-06-12
2024-06-13,79,6632.757115,83.95895082278481,0.0,192.75704215520875,0.24050632911392406,115.23933291139241,8.0,Greed,70.0,70.0,2024-06-13
2024-06-14,31,10258.592609,330.9223422258064,0.0,997.7044158485279,0.4838709677419355,386.9703,4.8,Greed,74.0,74.0,2024-06-14
2024-06-15,78,3369.958346,43.20459417948718,0.0,86.67556232059664,0.48717948717948717,245.2563435897436,5.0,Greed,74.0,74.0,2024-06-15
2024-06-16,11,0.0,0.0,0.0,0.0,0.0,557.4181818181819,471.1,Greed,71.0,71.0,2024-06-16
2024-06-17,38,10599.502375,278.9342730263158,144.121501,315.144564194019,0.6578947368421053,662.0523657894737,222.2,Greed,71.0,71.0,2024-06-17
2024-06-18,25,282.57636,11.3030544,0.0,29.448076746454035,0.16,77.29624,2.25,Greed,74.0,74.0,2024-06-18
2024-06-19,61,4887.656944,80.12552367213115,0.399945,180.97142293583357,0.5081967213114754,329.7654672131148,8.0,Greed,64.0,64.0,2024-06-19
2024-06-20,39,57478.456026,1473.8065647692308,0.0,4202.023348756396,0.20512820512820512,1327.9179025641024,8.0,Greed,60.0,60.0,2024-06-20
2024-06-21,80,773.5582039999999,9.66947755,0.0,54.6582097931937,0.0375,99.80123999999999,10.0,Greed,63.0,63.0,2024-06-21
2024-06-22,24,756.876565,31.536523541666668,0.0,65.30392406982597,0.3333333333333333,14.12735,8.75,Neutral,53.0,53.0,2024-06-22
2024-06-23,5,0.0,0.0,0.0,0.0,0.0,115.6,121.0,Greed,55.0,55.0,2024-06-23
2024-06-24,31,0.0,0.0,0.0,0.0,0.0,13.232345161290322,3.0421,Neutral,51.0,51.0,2024-06-24
2024-06-25,49,4869.353105,99.3745531632653,0.0,242.73329860014363,0.22448979591836735,648.8816326530613,151.5,Fear,30.0,30.0,2024-06-25
2024-06-26,72,4197.732182,58.30183586111111,0.0,181.6926720751968,0.2916666666666667,5.924615277777778,4.0,Neutral,46.0,46.0,2024-06-26
2024-06-27,30,0.0,0.0,0.0,0.0,0.0,107.67178666666668,5.0,Fear,40.0,40.0,2024-06-27
2024-06-29,75,6150.326145,82.0043486,0.0,179.89968807670226,0.32,16421.784850666667,17.0,Fear,30.0,30.0,2024-06-29
2024-06-30,14,0.0,0.0,0.0,0.0,0.0,19875.41964285714,386.5,Neutral,47.0,47.0,2024-06-30
2024-07-01,97,-835.681235,-8.615270463917525,0.0,34.037905927281535,0.09278350515463918,1702.9125883505153,22.6302,Neutral,53.0,53.0,2024-07-01
2024-07-02,15,241.24212,16.082808,0.0,56.54657345272468,0.13333333333333333,884.1266666666667,107.5,Neutral,51.0,51.0,2024-07-02
2024-07-04,23,0.0,0.0,0.0,0.0,0.0,0.6396869565217391,0.2,Fear,44.0,44.0,2024-07-04
2024-07-05,18,883.537693,49.08542738888889,9.50184,57.79243416391551,0.5,34437.05664444444,5.9535,Fear,29.0,29.0,2024-07-05
2024-07-06,440,8902.467416,20.23288049090909,0.0,103.25220050843622,0.4,620.1389904545455,338.05,Fear,26.0,26.0,2024-07-06
2024-07-07,10,61.428942,6.1428942,4.9143155,4.100173833321266,1.0,12.5,10.0,Fear,29.0,29.0,2024-07-07
2024-07-08,33,188.789255,5.720886515151515,0.0,10.349410204930836,0.30303030303030304,885.1798336400001,12.0,Fear,28.0,28.0,2024-07-08
2024-07-10,21,0.0,0.0,0.0,0.0,0.0,0.16447142857142857,0.05292,Fear,28.0,28.0,2024-07-10
2024-07-11,113,4493.353136,39.764187044247784,3.894186,107.40420684370638,0.5309734513274337,1173.1461306194692,98.0,Fear,29.0,29.0,2024-07-11
2024-07-12,304,85906.279067,282.5864442993421,0.0,2478.915786497859,0.4309210526315789,4247.281003591382,61.9,Fear,25.0,25.0,2024-07-12
2024-07-13,17,2913.617837,171.38928452941175,105.890838,173.27801983740284,1.0,7.054270588235294,3.6743,Fear,25.0,25.0,2024-07-13
2024-07-14,7,0.0,0.0,0.0,0.0,0.0,3.752614285714286,3.7661,Fear,33.0,33.0,2024-07-14
2024-07-15,26,-1.0,-0.038461538461538464,0.0,0.1400758054109933,0.0,9.609565384615385,2.3444,Neutral,52.0,52.0,2024-07-15
2024-07-16,22,0.0,0.0,0.0,0.0,0.0,1.8975636363636363,1.4523000000000001,Greed,65.0,65.0,2024-07-16
2024-07-17,351,1859.269477,5.297064037037037,0.0,11.718171265834037,0.4131054131054131,424.18365754985757,315.0,Greed,69.0,69.0,2024-07-17
2024-07-18,60,3803.884311,63.398071849999994,19.3456475,87.92602091436942,0.8,48.61117333333333,3.38515,Greed,61.0,61.0,2024-07-18
2024-07-19,23,2155.891114,93.73439626086956,12.29371,179.87386804302622,0.5217391304347826,34.80573913043478,2.4155,Greed,60.0,60.0,2024-07-19
2024-07-20,266,2299.169566,8.643494609022557,0.0,53.62978209591339,0.12406015037593984,123.62358834586466,82.8,Greed,74.0,74.0,2024-07-20
2024-07-21,448,-2960.716887,-6.608743051339286,0.0,11.365602294450625,0.046875,133.27398504464287,71.45,Greed,74.0,74.0,2024-07-21
2024-07-22,154,1517.119876,9.851427766233765,-1.8459855,72.41291986688015,0.14285714285714285,123.62008246753246,101.25,Greed,70.0,70.0,2024-07-22
2024-07-23,370,89890.302206,242.9467627189189,38.355177,513.7954073277451,0.8891891891891892,176.92951027027027,99.55,Greed,71.0,71.0,2024-07-23
2024-07-24,90,625.561479,6.9506831,0.0,19.95680710255259,0.2,1216.9060311638889,226.1835733,Greed,69.0,69.0,2024-07-24
2024-07-25,78,916.7382600000001,11.753054615384617,0.0,40.81134378827734,0.1282051282051282,5105.072443333333,2.37085,Greed,68.0,68.0,2024-07-25
2024-07-26,152,2766.513113,18.200744164473683,0.0,50.86868522207445,0.40131578947368424,1771.2445236644737,205.9,Greed,68.0,68.0,2024-07-26
2024-07-27,57,6400.623656,112.2916430877193,41.72143,157.88829917379803,0.7368421052631579,36.697863684210525,4.5917,Greed,72.0,72.0,2024-07-27
2024-07-28,16,587.29903,36.706189375,36.338475,36.25797427381541,0.75,307.10018125,259.45,Greed,71.0,71.0,2024-07-28
2024-07-29,39,330.80445399999996,8.482165487179486,0.0,21.730673754432168,0.41025641025641024,129.66869794871795,0.15198,Greed,74.0,74.0,2024-07-29
2024-07-30,6,0.0,0.0,0.0,0.0,0.0,1.8210166666666667,1.98505,Greed,67.0,67.0,2024-07-30
2024-07-31,43,765.690884,17.806764744186047,0.0,45.986517776302854,0.32558139534883723,1036.8645976744185,472.9,Greed,61.0,61.0,2024-07-31
2024-08-01,128,-269.874439,-2.1083940546875,0.0,122.41963598502315,0.25,844.6860564843751,1.11188,Neutral,52.0,52.0,2024-08-01
2024-08-02,10,770.756024,77.07560240000001,0.0,139.74567826297627,0.4,560995.31,317.55,Greed,57.0,57.0,2024-08-02
2024-08-03,67,4271.886236,63.7594960597015,12.4432,148.75855367571137,0.8805970149253731,51466.72835820895,207.0,Fear,37.0,37.0,2024-08-03
2024-08-04,30,1218.4267,40.614223333333335,0.0,222.45326275219327,0.03333333333333333,383.06829999999997,0.7341,Fear,34.0,34.0,2024-08-04
2024-08-05,13,1.56576,0.12044307692307693,0.0,1.641780493282545,0.07692307692307693,18.452576923076922,3.9334,Fear,26.0,26.0,2024-08-05
2024-08-06,29,129.13883900000002,4.453063413793104,0.0,13.610694021064663,0.27586206896551724,83.62974137931036,4.67,Extreme Fear,17.0,17.0,2024-08-06
2024-08-07,1,0.0,0.0,0.0,,0.0,156.0,156.0,Fear,29.0,29.0,2024-08-07
2024-08-08,9,-40.712216999999995,-4.5235796666666666,0.0,9.68187399440364,0.0,1616.2060597999998,271.35,Extreme Fear,20.0,20.0,2024-08-08
2024-08-09,1,0.0,0.0,0.0,,0.0,0.93414,0.93414,Neutral,48.0,48.0,2024-08-09
2024-08-10,36,5396.546638,149.90407327777777,29.615628,223.40754741053024,0.9166666666666666,11.514726416666667,0.11560999999999999,Fear,40.0,40.0,2024-08-10
2024-08-11,39,-64.41354100000007,-1.6516292564102582,0.0,72.4018294193872,0.15384615384615385,205.80929333333333,0.22685,Fear,39.0,39.0,2024-08-11
2024-08-12,420,15965.933436,38.014127228571425,0.0,232.61343396421137,0.3619047619047619,2215.127885952381,20.605,Fear,25.0,25.0,2024-08-12
2024-08-13,23,212.08102,9.220913913043479,0.0,19.422324125365535,0.34782608695652173,6422.255778418262,1286.9,Fear,31.0,31.0,2024-08-13
2024-08-14,25,2168.9015130000003,86.75606052,0.0,329.1190167138969,0.2,2945.20819296,5334.0,Fear,30.0,30.0,2024-08-14
2024-08-15,12,0.0,0.0,0.0,0.0,0.0,3929.25,5334.0,Fear,29.0,29.0,2024-08-15
2024-08-16,35,825.230544,23.578015542857145,0.0,80.13737948448535,0.08571428571428572,1960.986538857143,32.0,Fear,27.0,27.0,2024-08-16
2024-08-17,30,-288.283113,-9.609437100000001,0.0,52.63305464597027,0.0,5956.195000000001,2595.0,Fear,25.0,25.0,2024-08-17
2024-08-18,15,307.201888,20.480125866666665,8.270808,30.913873872729887,0.8,1.5819203686666665,0.7575,Fear,31.0,31.0,2024-08-18
2024-08-19,8,339.69958299999996,42.462447874999995,14.0197665,67.50399160612497,0.625,0.2143725,0.151245,Fear,28.0,28.0,2024-08-19
2024-08-20,12,192.602844,16.050237,0.0,55.59965191504375,0.08333333333333333,673.0766666666667,3.80545,Fear,30.0,30.0,2024-08-20
2024-08-21,145,656.200925,4.525523620689655,0.0,16.514528261674556,0.3724137931034483,307.5029110344828,7.08,Fear,26.0,26.0,2024-08-21
2024-08-23,10,1005.30527,100.53052699999999,0.0,280.4841642773341,0.3,2.3667000000000002,1.3825500000000002,Fear,34.0,34.0,2024-08-23
2024-08-24,7,0.0,0.0,0.0,0.0,0.0,0.8197685714285715,0.03131,Greed,56.0,56.0,2024-08-24
2024-08-25,17,0.0,0.0,0.0,0.0,0.0,3244.9103688235296,2.146,Neutral,54.0,54.0,2024-08-25
2024-08-26,6,231.236918,38.539486333333336,0.0,60.225332502001116,0.3333333333333333,23.494033333333334,8.93955,Greed,55.0,55.0,2024-08-26
2024-08-27,50,0.0,0.0,0.0,0.0,0.0,1749.7648236,32.0,Neutral,48.0,48.0,2024-08-27
2024-08-28,9,1333.359645,148.15107166666667,0.0,294.00593721532755,0.2222222222222222,2.2084722222222224,0.19843,Fear,30.0,30.0,2024-08-28
2024-08-29,1,0.0,0.0,0.0,,0.0,0.1644,0.1644,Fear,29.0,29.0,2024-08-29
2024-08-30,6,256.464,42.744,0.0,104.70098956552417,0.16666666666666666,908.1710073999999,5.2063999999999995,Fear,34.0,34.0,2024-08-30
2024-08-31,34,10.882801,0.3200823823529412,0.0,0.8923899892238314,0.35294117647058826,686.9230682352942,100.0,Fear,29.0,29.0,2024-08-31
2024-09-01,70,-826.349863,-11.804998042857143,0.0,214.1803231936485,0.2571428571428571,1847.9473097142857,6.6815,Fear,26.0,26.0,2024-09-01
2024-09-03,117,9949.501624,85.03847541880343,25.01825,154.56552113291943,0.8290598290598291,153711.76666666666,937.5,Fear,26.0,26.0,2024-09-03
2024-09-04,3,0.0,0.0,0.0,0.0,0.0,5.4326333333333325,2.9087,Fear,27.0,27.0,2024-09-04
2024-09-05,28,1147.595856,40.985566285714285,0.0,92.95513364107583,0.39285714285714285,1238.2285142857143,1.84275,Fear,29.0,29.0,2024-09-05
2024-09-06,17,0.0,0.0,0.0,0.0,0.0,28.215747058823528,37.0,Extreme Fear,22.0,22.0,2024-09-06
2024-09-07,15,648.984412,43.265627466666665,37.164306,40.13596510326193,1.0,40.0,43.0,Extreme Fear,23.0,23.0,2024-09-07
2024-09-08,144,18082.071276,125.56993941666666,0.0,454.8533022933731,0.2986111111111111,585.9188250000001,136.0,Fear,29.0,29.0,2024-09-08
2024-09-09,2,0.0,0.0,0.0,0.0,0.0,174540.0,174540.0,Fear,26.0,26.0,2024-09-09
2024-09-10,14,396.06272,28.290194285714286,0.0,61.54299038481661,0.21428571428571427,0.25424285714285716,0.27824000000000004,Fear,33.0,33.0,2024-09-10
2024-09-11,86,102.90894,1.196615581395349,0.0,2.90992297730476,0.22093023255813954,895.6150837209303,522.0,Fear,37.0,37.0,2024-09-11
2024-09-12,539,6310.967676,11.708659881261596,0.0,100.89854795146519,0.31910946196660483,316.0425636549165,27.9,Fear,31.0,31.0,2024-09-12
2024-09-14,11,0.0,0.0,0.0,0.0,0.0,8032.57604,5334.0,Neutral,50.0,50.0,2024-09-14
2024-09-18,145,-878.684794,-6.059895131034483,-5.504981,4.966129290375059,0.0,564.1103448275862,32.0,Neutral,45.0,45.0,2024-09-18
2024-09-19,19,0.0,0.0,0.0,0.0,0.0,4302.0,5334.0,Neutral,49.0,49.0,2024-09-19
2024-09-20,16,9585.03428,599.0646425,34.911835,2004.9515901146353,0.5,475.208815625,2.29755,Neutral,54.0,54.0,2024-09-20
2024-09-21,23,36165.56933,1572.416057826087,1147.561968,1429.8114770090967,1.0,1675.3695652173913,1215.2,Neutral,54.0,54.0,2024-09-21
2024-09-22,3,0.0,0.0,0.0,0.0,0.0,0.10632333333333333,0.09525,Neutral,52.0,52.0,2024-09-22
2024-09-23,2,334.760796,167.380398,167.380398,236.7116289270065,0.5,0.31675,0.31675,Neutral,50.0,50.0,2024-09-23
2024-09-24,10,0.0,0.0,0.0,0.0,0.0,3694.3229999999994,5153.5,Neutral,54.0,54.0,2024-09-24
2024-09-25,9,0.0,0.0,0.0,0.0,0.0,74.4776211111111,0.19633,Greed,59.0,59.0,2024-09-25
2024-09-26,8,439.812513,54.976564125,0.0,154.20271831132595,0.25,1042.8475975000001,18.795,Neutral,50.0,50.0,2024-09-26
2024-09-27,56,0.0,0.0,0.0,0.0,0.0,114.53559517857141,15.875,Greed,61.0,61.0,2024-09-27
2024-09-28,4,0.0,0.0,0.0,0.0,0.0,1779.8300000000002,1845.225,Greed,64.0,64.0,2024-09-28
2024-09-30,106,2710.626288,25.571946113207545,0.0,133.6657057863591,0.04716981132075472,86.68551886792451,35.78,Greed,61.0,61.0,2024-09-30
2024-10-01,193,-1517.091342,-7.860576901554404,0.0,119.7894328095249,0.21243523316062177,1037.8364329533679,0.75,Neutral,50.0,50.0,2024-10-01
2024-10-03,42,2482.9272,59.117314285714286,2.505,207.7542700001469,0.6904761904761905,762.8590476190477,32.0,Fear,37.0,37.0,2024-10-03
2024-10-04,41,5207.443414,127.01081497560976,32.322,197.76893722954745,0.8780487804878049,2.5000170731707314,1.1693,Fear,41.0,41.0,2024-10-04
2024-10-05,22,2101.741695,95.53371340909092,0.0,240.61922882162773,0.2727272727272727,2.4248045454545455,1.71465,Neutral,49.0,49.0,2024-10-05
2024-10-06,53,31.266804999999998,0.589939716981132,0.0,1.9665257227845954,0.33962264150943394,101.1045641509434,117.8,Neutral,50.0,50.0,2024-10-06
2024-10-07,56,11977.734907,213.88812333928573,59.449220999999994,337.8156690082534,0.6785714285714286,120.96079107142857,4.6759,Neutral,50.0,50.0,2024-10-07
2024-10-08,88,0.0,0.0,0.0,0.0,0.0,1768.9543132954545,80.0,Neutral,49.0,49.0,2024-10-08
2024-10-09,3,-219.729659,-73.24321966666666,-37.697891,96.08066367806516,0.0,22224.58736666667,0.6312,Neutral,49.0,49.0,2024-10-09
2024-10-10,16,0.0,0.0,0.0,0.0,0.0,0.315561875,0.35,Fear,39.0,39.0,2024-10-10
2024-10-11,173,991.114334,5.728984589595376,0.0,22.471438317729593,0.2947976878612717,4858.5429808670515,85.0,Fear,32.0,32.0,2024-10-11
2024-10-12,1596,39325.770231,24.640206911654136,0.787791,141.48990698368283,0.5870927318295739,1797.987154344173,33.35,Neutral,49.0,49.0,2024-10-12
2024-10-13,10,0.0,0.0,0.0,0.0,0.0,0.095706,0.065315,Neutral,50.0,50.0,2024-10-13
2024-10-14,5,1913.61958,382.72391600000003,43.747165,497.27205914834235,1.0,0.191412,0.02189,Neutral,48.0,48.0,2024-10-14
2024-10-15,7,1170.2260760000001,167.17515371428573,11.821311,347.7876385038441,0.5714285714285714,0.17436857142857143,0.15281,Greed,65.0,65.0,2024-10-15
2024-10-16,11,219.480876,19.95280690909091,0.0,35.58157491300189,0.2727272727272727,0.10793818181818181,0.08857,Greed,73.0,73.0,2024-10-16
2024-10-17,9,36.11496,4.0127733333333335,0.0,12.830443659406326,0.1111111111111111,0.23256222222222223,0.14798,Greed,71.0,71.0,2024-10-17
2024-10-18,6,333.219141,55.536523499999994,51.8558325,51.489580908627175,0.8333333333333334,0.2982916666666667,0.184695,Greed,73.0,73.0,2024-10-18
2024-10-19,4,0.0,0.0,0.0,0.0,0.0,0.365985,0.3656,Greed,72.0,72.0,2024-10-19
2024-10-20,96,389.155797,4.05370621875,0.0,13.65197281145091,0.11458333333333333,543.7422541666666,170.89999999999998,Greed,73.0,73.0,2024-10-20
2024-10-21,173,2464.915564,14.248066843930635,0.0,40.07987913321128,0.3930635838150289,633.2422891907514,325.6,Greed,72.0,72.0,2024-10-21
2024-10-22,3,0.0,0.0,0.0,0.0,0.0,0.2983,0.43851,Greed,70.0,70.0,2024-10-22
2024-10-23,18,-46.489941,-2.5827745,0.0,6.37713910085234,0.0,3.07934,0.390215,Greed,71.0,71.0,2024-10-23
2024-10-25,30,13235.862071,441.19540236666666,61.1408675,1366.4039341402422,0.7,266.86493133333335,0.202965,Greed,72.0,72.0,2024-10-25
2024-10-26,6,42471.99413,7078.6656883333335,8057.245408000001,5735.884238617606,1.0,5466.251666666667,5715.98,,,,2024-10-26
2024-10-27,4,666.6623079999999,166.66557699999998,30.289636,293.9572048762827,0.75,0.3346175,0.258045,Greed,74.0,74.0,2024-10-27
2024-10-28,13,167.28016200000002,12.867704769230771,0.0,44.454488070634156,0.3076923076923077,475.4426884615385,0.2,Greed,72.0,72.0,2024-10-28
2024-10-29,53,801.170876,15.11643162264151,0.0,99.68468397007351,0.05660377358490566,119.01240245283019,0.24218,Greed,72.0,72.0,2024-10-29
2024-10-30,25,9.150023,0.36600091999999995,0.0,1.0256853979943898,0.28,653.5925560000001,486.2,Extreme Greed,77.0,77.0,2024-10-30
2024-10-31,48,1214.043811,25.292579395833332,19.0994085,33.00414935089389,0.7083333333333334,142.73490770833334,0.8107,Extreme Greed,77.0,77.0,2024-10-31
2024-11-01,21,-164.08950099999998,-7.813785761904761,0.0,101.92627878710132,0.23809523809523808,40.30665333333333,2.48,Extreme Greed,75.0,75.0,2024-11-01
2024-11-02,34,983.443176,28.924799294117648,0.0,108.62231864377547,0.20588235294117646,781.1343832352941,0.7902549999999999,Greed,72.0,72.0,2024-11-02
2024-11-03,42,3588.179495,85.43284511904761,18.72521,196.10462239183906,0.9285714285714286,3318.3571428571427,544.6,Greed,74.0,74.0,2024-11-03
2024-11-04,16,389.743164,24.35894775,0.0,69.72639235953248,0.125,1.34810625,0.539,Greed,70.0,70.0,2024-11-04
2024-11-05,9,251.604742,27.956082444444444,6.001646,38.73340875071258,1.0,2.4046444444444446,0.5134,Greed,70.0,70.0,2024-11-05
2024-11-06,123,4320.631811,35.12708789430894,0.0,169.7310786091785,0.13821138211382114,116.58544845528455,8.0,Greed,70.0,70.0,2024-11-06
2024-11-07,19,1876.812082,98.77958326315789,0.0,150.16378122148163,0.47368421052631576,2.832973684210526,2.8071,Extreme Greed,77.0,77.0,2024-11-07
2024-11-08,24,847.7766200000001,35.32402583333334,0.0,91.2518343902943,0.16666666666666666,3980.1769375000003,5251.5,Extreme Greed,75.0,75.0,2024-11-08
2024-11-09,1,0.0,0.0,0.0,,0.0,35870.82982,35870.82982,Extreme Greed,75.0,75.0,2024-11-09
2024-11-10,26,8885.327477,341.74336450000004,232.8029795,367.9830904604618,0.6923076923076923,173.86945692307694,0.29125,Extreme Greed,78.0,78.0,2024-11-10
2024-11-11,373,6749.630996,18.09552545844504,0.0,60.90235280005483,0.24664879356568364,8178.491698445041,1.3913,Extreme Greed,76.0,76.0,2024-11-11
2024-11-12,1221,319051.554217,261.30348420720725,2.259711,2003.1396625321522,0.7125307125307125,304.5544205651106,16.29,Extreme Greed,80.0,80.0,2024-11-12
2024-11-13,48,7846.402274,163.46671404166668,11.65871,358.50791769432567,0.5625,1689.935759791667,0.670245,Extreme Greed,84.0,84.0,2024-11-13
2024-11-14,110,4563.509225,41.4864475,0.0,89.20897697893908,0.2545454545454545,47175.091261272726,2396.0,Extreme Greed,88.0,88.0,2024-11-14
2024-11-15,149,4140.740438,27.790204281879195,0.0,61.955774894975356,0.3691275167785235,146.12929852348992,0.56671,Extreme Greed,80.0,80.0,2024-11-15
2024-11-16,157,2769.521909,17.640266936305732,0.0,44.303347474612096,0.3057324840764331,1043.2134256050956,60.0,Extreme Greed,86.0,86.0,2024-11-16
2024-11-17,209,882.975285,4.224762129186603,0.0,17.261524113421817,0.23444976076555024,567.772894784689,5.4897,Extreme Greed,90.0,90.0,2024-11-17
2024-11-18,346,4470.815187,12.921431176300578,0.0,87.8216130663201,0.3583815028901734,2204.769936734104,4.245,Extreme Greed,83.0,83.0,2024-11-18
2024-11-19,305,2958.268991,9.699242593442623,0.0,37.73186830724049,0.4918032786885246,2023.4159422622952,5.5,Extreme Greed,90.0,90.0,2024-11-19
2024-11-20,550,4210.0928969999995,7.654714358181818,0.0,54.544471794452775,0.3981818181818182,6103.909029581818,10.0,Extreme Greed,83.0,83.0,2024-11-20
2024-11-21,535,1692.430891,3.1634222261682243,0.0,23.071714613651217,0.308411214953271,11826.205131233646,28.22,Extreme Greed,82.0,82.0,2024-11-21
2024-11-22,679,-18105.345617,-26.664721085419732,0.0,305.88652723565343,0.3078055964653903,10108.91385544919,109.0,Extreme Greed,94.0,94.0,2024-11-22
2024-11-23,363,2901.531638,7.993200104683195,0.0,25.92430088738888,0.3526170798898072,5105.498280275482,427.0,Extreme Greed,93.0,93.0,2024-11-23
2024-11-24,172,945.550386,5.497385965116279,0.0,24.231829677959688,0.26744186046511625,2059.962264476744,221.05,Extreme Greed,80.0,80.0,2024-11-24
2024-11-25,255,5523.740734,21.66172836862745,0.0,136.53631849159856,0.4117647058823529,2082.7371719215685,13.2,Extreme Greed,82.0,82.0,2024-11-25
2024-11-26,302,1094.809359,3.6251965529801327,0.0,55.535465040558826,0.2913907284768212,6647.971826821192,8.47,Extreme Greed,79.0,79.0,2024-11-26
2024-11-27,213,-2654.495633,-12.462420812206572,0.0,56.196623877144376,0.3474178403755869,1803.0633678403756,5.0,Extreme Greed,75.0,75.0,2024-11-27
2024-11-28,332,-127075.39958499999,-382.75722766566264,0.0,1422.4245637679367,0.32831325301204817,92.07571469879518,6.35,Extreme Greed,77.0,77.0,2024-11-28
2024-11-29,393,176844.994152,449.98726247328244,0.0,2425.1393783219637,0.48854961832061067,1740.3669825954198,80.93,Extreme Greed,78.0,78.0,2024-11-29
2024-11-30,373,37316.69352,100.04475474530831,0.0,327.5103351176057,0.42091152815013405,727.0723255344503,57.8,Extreme Greed,84.0,84.0,2024-11-30
2024-12-01,7,-1925.519024,-275.0741462857143,0.0,669.9280140108323,0.0,220.32562000000001,1.06704,Extreme Greed,81.0,81.0,2024-12-01
2024-12-02,16,913.8817869999998,57.11761168749999,-26.696452,828.6571214700353,0.375,63.597461875,0.49946500000000005,Extreme Greed,80.0,80.0,2024-12-02
2024-12-03,8,3039.166,379.89575,16.76285,521.6006618377291,0.875,1425.5,830.9499999999999,Extreme Greed,76.0,76.0,2024-12-03
2024-12-04,129,-592.6458390000001,-4.594153790697676,4.032548,122.96278242038903,0.5503875968992248,169926.00820387597,636.0,Extreme Greed,78.0,78.0,2024-12-04
2024-12-05,23,0.0,0.0,0.0,0.0,0.0,1501.9313304347825,10.0,Extreme Greed,84.0,84.0,2024-12-05
2024-12-06,254,-21886.531493,-86.16744682283463,0.0,276.1864377273308,0.08267716535433071,146.0846942519685,125.80000000000001,Greed,72.0,72.0,2024-12-06
2024-12-07,19,1412.314654,74.33235021052631,0.0,112.44287174423458,0.47368421052631576,337.2799052631579,5.5,Extreme Greed,75.0,75.0,2024-12-07
2024-12-08,48,858.6705000000001,17.88896875,0.0,64.64753431191872,0.125,1238.82256675,32.0,Extreme Greed,79.0,79.0,2024-12-08
2024-12-10,10,541.55471,54.155471,20.7155355,63.374247509280295,0.7,0.254599,0.21386,Extreme Greed,78.0,78.0,2024-12-10
2024-12-11,171,3494.399394,20.435084175438597,0.0,80.90406191682668,0.19883040935672514,844.6342376608188,9.1768,Greed,74.0,74.0,2024-12-11
2024-12-12,1932,599151.795008,310.1199767122153,10.681751,1920.807926510415,0.6997929606625258,850.9996146169772,13.505,Extreme Greed,83.0,83.0,2024-12-12
2024-12-13,1173,31935.901745,27.22583268968457,0.0,194.07940958725385,0.40153452685422,467.88356279624895,45.17,Extreme Greed,76.0,76.0,2024-12-13
2024-12-14,1235,167801.399244,135.87157833522267,0.0,647.5595884815575,0.47368421052631576,303.7040612677733,36.83,Extreme Greed,83.0,83.0,2024-12-14
2024-12-15,1697,97525.315279,57.4692488385386,0.0,400.0229746982094,0.24572775486152032,490.8310433942251,28.68,Extreme Greed,80.0,80.0,2024-12-15
2024-12-16,1055,166774.344133,158.07994704549765,0.086172,863.2966321796321,0.5071090047393365,155.09748464952605,38.5,Extreme Greed,83.0,83.0,2024-12-16
2024-12-17,1941,219591.305172,113.13307839876352,0.0,546.8152085057872,0.4363730036063885,805.489355088135,36.36,Extreme Greed,87.0,87.0,2024-12-17
2024-12-18,1429,13682.994673,9.575223703988803,0.0,90.0826143121339,0.36599020293911827,592.0124681672918,40.0,Extreme Greed,81.0,81.0,2024-12-18
2024-12-19,3339,62744.004486000005,18.79125621024259,0.166937,219.82362949794262,0.6148547469302186,3217.0077668654776,20.0,Extreme Greed,75.0,75.0,2024-12-19
2024-12-20,2488,254969.660039,102.47976689670418,1.454962,462.26198976634464,0.5558681672025724,685.3370861857517,48.69,Greed,74.0,74.0,2024-12-20
2024-12-21,1681,150022.163157,89.24578415050566,1.390236,263.0365857341915,0.5496728138013087,83.86349724568709,20.47,Greed,73.0,73.0,2024-12-21
2024-12-22,774,352197.163973,455.03509557235145,0.0,1859.8434888414529,0.4354005167958656,446.33566662790696,36.505,Greed,73.0,73.0,2024-12-22
2024-12-23,2347,-29430.626577,-12.53967898466127,0.0,714.3762237450253,0.2901576480613549,305.0573126501917,22.66,Greed,70.0,70.0,2024-12-23
2024-12-24,338,14813.780116,43.827751822485205,0.0,352.00417886710017,0.33727810650887574,3698.934809200976,42.945,Greed,73.0,73.0,2024-12-24
2024-12-25,208,756.6570469999998,3.637774264423076,0.0,89.4369605189536,0.30288461538461536,704.1232302884616,57.35,Greed,73.0,73.0,2024-12-25
2024-12-26,697,60228.639722,86.41124780774749,0.159494,837.1572532043537,0.5136298421807748,916.5829964849354,24.23,Extreme Greed,79.0,79.0,2024-12-26
2024-12-27,260,2672.811035,10.280042442307693,0.0,55.81376867703737,0.4230769230769231,488.23958428523076,53.57,Greed,74.0,74.0,2024-12-27
2024-12-28,161,940.673623,5.842693310559007,0.0,29.85731881145236,0.22981366459627328,124.71931689440994,27.8,Greed,72.0,72.0,2024-12-28
2024-12-29,201,2884.067927,14.348596651741294,0.0,84.84325152956883,0.31840796019900497,590.978013681592,55.3,Greed,73.0,73.0,2024-12-29
2024-12-30,304,9009.738137,29.637296503289473,0.0,198.72959921857932,0.39473684210526316,611.8233510197368,50.0,Greed,65.0,65.0,2024-12-30
2024-12-31,306,5445.01281,17.794159509803922,0.0,108.99687767512427,0.3006535947712418,20454.671761111113,18.755000000000003,Greed,64.0,64.0,2024-12-31
2025-01-01,96,-9528.065345,-99.25068067708334,0.0,989.3224125030252,0.3020833333333333,361.94783041666665,49.35,Greed,66.0,66.0,2025-01-01
2025-01-02,634,32300.205017,50.946695610410096,1.763296,446.4149984530011,0.5962145110410094,10302.174925757097,77.28,Greed,70.0,70.0,2025-01-02
2025-01-03,174,10596.108968,60.897177977011495,0.0,134.45844944800064,0.4482758620689655,1453.8465763541953,13.594999999999999,Greed,74.0,74.0,2025-01-03
2025-01-04,192,-2202.6622420000003,-11.472199177083334,0.0,297.0927135926486,0.4583333333333333,4802.903843437501,43.26,Greed,73.0,73.0,2025-01-04
2025-01-05,1230,54536.829297000004,44.338885607317074,0.0,972.822640253054,0.43089430894308944,82.80912286991871,13.610199999999999,Greed,72.0,72.0,2025-01-05
2025-01-13,408,9655.429352,23.66526801960784,0.0,77.40018335810606,0.3872549019607843,2369.336544019608,21.005000000000003,Greed,61.0,61.0,2025-01-13
2025-01-14,275,16069.512355,58.43459038181818,0.0,146.32035377772365,0.49818181818181817,444.7584790181818,41.6,Greed,63.0,63.0,2025-01-14
2025-01-15,267,14819.5883,55.50407602996255,0.0,189.6085235008543,0.4606741573033708,1045.4241110861424,67.8,Greed,70.0,70.0,2025-01-15
2025-01-16,371,20807.709328,56.08546988679245,0.0,566.3419882789403,0.3423180592991914,740.8639671159029,44.9,Extreme Greed,75.0,75.0,2025-01-16
2025-01-17,238,7006.415608,29.43872104201681,0.515012,198.25145103146025,0.5294117647058824,1372.5510670168067,196.45,Extreme Greed,75.0,75.0,2025-01-17
2025-01-18,651,443.2330819999997,0.6808495883256523,0.0,330.24136524302247,0.38095238095238093,4804.106598740399,25.0,Extreme Greed,77.0,77.0,2025-01-18
2025-01-19,1567,87923.799302,56.10963580216975,0.0,604.713913705048,0.20229738353541799,413.70297818761964,21.96,Extreme Greed,77.0,77.0,2025-01-19
2025-01-20,1315,87277.239173,66.37052408593155,0.3825,569.11572956866,0.5224334600760456,1303.293754174905,61.03,Extreme Greed,76.0,76.0,2025-01-20
2025-01-21,530,11077.839421,20.901583813207548,0.0,111.25104651632293,0.3867924528301887,749.3587249622642,98.0,Extreme Greed,76.0,76.0,2025-01-21
2025-01-22,832,20524.408057,24.66875968389423,0.0,156.5100803482523,0.28125,3328.2369150721156,236.0,Extreme Greed,84.0,84.0,2025-01-22
2025-01-23,1218,101256.24216,83.13320374384236,7.492465,341.1383231952165,0.6609195402298851,3298.1713712643677,146.05,Extreme Greed,75.0,75.0,2025-01-23
2025-01-24,874,10602.779738,12.131326931350113,0.5630105000000001,80.89983729393776,0.5583524027459954,1305.545316693364,75.0,Extreme Greed,75.0,75.0,2025-01-24
2025-01-25,506,-10348.016255999999,-20.450625011857706,0.0,490.2783467561706,0.27865612648221344,1387.4884490909092,89.08,Extreme Greed,75.0,75.0,2025-01-25
2025-01-26,451,40823.466668,90.51766445232816,0.0,461.7192943559634,0.43458980044345896,4308.84201773836,780.0,Greed,73.0,73.0,2025-01-26
2025-01-27,773,41331.765392,53.469295461837,0.0,353.4714697323709,0.4760672703751617,3412.6423068952136,138.97,Greed,71.0,71.0,2025-01-27
2025-01-28,498,17979.613973,36.103642516064255,2.573011,81.72678441252614,0.6285140562248996,13691.202972984398,26.605,Greed,72.0,72.0,2025-01-28
2025-01-29,910,23421.01147,25.737375241758244,0.0,91.52029500857424,0.4164835164835165,5644.36754010989,638.0,Greed,72.0,72.0,2025-01-29
2025-01-30,1067,23097.471385,21.64711470009372,0.0,113.20284838153209,0.3467666354264292,1487.9263648359886,40.0,Greed,70.0,70.0,2025-01-30
2025-01-31,1016,35868.296773,35.303441705708664,0.8434925,134.44285309446968,0.5413385826771654,4091.0517221358264,145.45999999999998,Extreme Greed,76.0,76.0,2025-01-31
2025-02-01,361,8716.519087,24.145482235457067,0.0,117.65384746788118,0.45706371191135736,1104.1539003324099,83.8,Greed,68.0,68.0,2025-02-01
2025-02-02,1319,162854.759623,123.46835452843062,0.0,1386.063749537317,0.35860500379075055,2165.5854666641394,77.58,Greed,60.0,60.0,2025-02-02
2025-02-03,532,66914.320708,125.77879832330827,0.0120845,523.6453822891723,0.5018796992481203,481.5162955075188,14.62645,Fear,44.0,44.0,2025-02-03
2025-02-04,1076,202212.740938,187.930056633829,28.665758500000003,783.0878201791388,0.8949814126394052,3501.94435197026,44.09,Greed,72.0,72.0,2025-02-04
2025-02-13,1370,27829.534238,20.313528640875912,0.0,115.2749060467816,0.4678832116788321,12293.629157912408,50.0,Neutral,50.0,50.0,2025-02-13
2025-02-14,1655,213860.675308,129.22095184773414,0.0,532.3132229110405,0.42900302114803623,120.42195311178247,10.76,Neutral,48.0,48.0,2025-02-14
2025-02-15,932,45042.92701,48.32932082618026,0.0,338.46361083281846,0.4302575107296137,15140.323771931331,21.509999999999998,Neutral,50.0,50.0,2025-02-15
2025-02-16,681,2369.478425,3.4794103157121876,0.0,12.19814466020818,0.44052863436123346,178.82243474302496,13.52,Neutral,54.0,54.0,2025-02-16
2025-02-17,941,1818.573295,1.9325964877789585,0.0,33.8310065066735,0.22422954303931988,150.9278060255048,20.0,Neutral,51.0,51.0,2025-02-17
2025-02-18,1676,91204.672403,54.418062292959426,0.061069,402.7229620509518,0.5119331742243437,26591.554888144394,31.415,Neutral,47.0,47.0,2025-02-18
2025-02-19,1361,14985.794701,11.010870463629685,0.0,61.23254296974973,0.4276267450404115,38525.89681562821,25.69,Fear,44.0,44.0,2025-02-19
2025-02-20,2012,46008.794102,22.867193887673956,0.0,157.96383053076914,0.47912524850894633,4036.1905930168987,18.595,Neutral,49.0,49.0,2025-02-20
2025-02-21,1873,119693.49395,63.904695114789114,0.109988,366.09286225427314,0.5221569674319274,4320.328889701014,23.28,Greed,55.0,55.0,2025-02-21
2025-02-22,686,25278.704178,36.849423,0.0,176.9982164477057,0.4970845481049563,18490.481035247816,25.09,Neutral,49.0,49.0,2025-02-22
2025-02-23,520,10656.934251,20.494104328846156,0.0,123.32426355829121,0.45,9601.470606192306,82.08,Neutral,50.0,50.0,2025-02-23
2025-02-24,5616,38470.176242,6.850102607193732,0.0,55.56892309267754,0.39672364672364674,289.79011483618234,10.0,Neutral,49.0,49.0,2025-02-24
2025-02-25,6246,204762.177034,32.782929400256165,0.0,673.7439962496502,0.260646813960935,752.958297976305,34.44,Fear,25.0,25.0,2025-02-25
2025-02-26,1176,63229.063129,53.76621014370748,1.4922360000000001,406.24323217797456,0.6709183673469388,2214.1784380187073,65.4,Extreme Fear,21.0,21.0,2025-02-26
2025-02-27,890,-36525.167517,-41.039514064044944,0.0,517.9053830350915,0.27752808988764044,399.5359947752809,32.68,Extreme Fear,10.0,10.0,2025-02-27
2025-02-28,1019,225628.108748,221.4211077016683,0.0,3851.3712028844916,0.3886162904808636,277.8963830225712,29.8,Extreme Fear,16.0,16.0,2025-02-28
2025-03-01,508,6028.486793,11.867099986220472,0.0,63.36348991609002,0.27165354330708663,748.3118989370079,65.65,Extreme Fear,20.0,20.0,2025-03-01
2025-03-02,2380,348871.326269,146.58459086932774,0.0,1292.2669438694834,0.4634453781512605,5459.560293928433,21.345,Fear,26.0,26.0,2025-03-02
2025-03-03,1482,616413.032233,415.9332201302294,9.005766,1682.4075657180047,0.6153846153846154,819.9971219298245,12.91,Fear,33.0,33.0,2025-03-03
2025-03-04,1748,-2365.961276,-1.353524757437071,0.0,81.23364439225159,0.2974828375286041,3045.6914925,50.0,Extreme Fear,15.0,15.0,2025-03-04
2025-03-13,962,14114.870873,14.672422944906446,0.0,114.25301264822082,0.4573804573804574,769.9719890956341,41.23,Neutral,45.0,45.0,2025-03-13
2025-03-14,2210,68646.160089,31.061610899999998,1.88254,241.26619975032932,0.8538461538461538,151.17492001809956,38.83,Fear,27.0,27.0,2025-03-14
2025-03-15,261,78694.624572,301.51197154022987,0.650626,1437.1563922090597,0.5938697318007663,11648.385178582375,21.75,Neutral,46.0,46.0,2025-03-15
2025-03-16,530,-7910.943544999999,-14.926308575471696,0.0,799.610022581558,0.2320754716981132,768.3061799999999,0.571925,Fear,30.0,30.0,2025-03-16
2025-03-17,920,26163.906513,28.439028818478263,0.0,130.36244691738273,0.4532608695652174,4903.764129684782,80.0,Fear,32.0,32.0,2025-03-17
2025-03-18,834,72322.788824,86.71797221103118,0.0,1190.357985851897,0.22541966426858512,1535.1697893645085,85.86,Fear,34.0,34.0,2025-03-18
2025-03-19,1612,29374.682341,18.222507655707197,0.0,118.43599190620486,0.4162531017369727,508.26528596774193,34.875,Fear,32.0,32.0,2025-03-19
2025-03-20,771,10246.859436,13.290349463035021,0.0,67.20472187875403,0.4085603112840467,1317.1657269260702,67.91,Neutral,49.0,49.0,2025-03-20
2025-03-21,698,6951.270374,9.958840077363897,0.009684,54.71326809694039,0.5,3798.430613997135,35.685,Fear,31.0,31.0,2025-03-21
2025-03-22,535,12498.535254,23.361748138317758,0.0,90.3328712770384,0.4747663551401869,2909.246033775701,49.99,Fear,32.0,32.0,2025-03-22
2025-03-23,447,14047.421585,31.425999071588368,0.0,157.7488368670644,0.32662192393736017,1103.4231739149889,48.3,Fear,30.0,30.0,2025-03-23
2025-03-24,1027,107878.961301,105.04280555111977,1.5312,1157.024782283737,0.6153846153846154,601.2290101265822,29.65,Neutral,45.0,45.0,2025-03-24
2025-03-25,791,32030.90678,40.49419314791403,0.0,272.71532758680485,0.3615676359039191,1580.5146329329964,46.23,Neutral,46.0,46.0,2025-03-25
2025-03-26,3102,15802.167427,5.094186791424887,0.0,91.09493587755279,0.27111540941328177,1567.2311986363636,48.355000000000004,Neutral,47.0,47.0,2025-03-26
2025-03-27,785,58825.359221,74.9367633388535,0.0,315.07403347375833,0.33375796178343947,874.4341570063694,100.19,Fear,40.0,40.0,2025-03-27
2025-03-28,728,21337.179335,29.30931227335165,0.0,149.5584882417023,0.3173076923076923,2231.639969546703,36.37,Fear,44.0,44.0,2025-03-28
2025-03-29,1894,12098.872931,6.38800049155227,0.0,148.35227843946458,0.3558606124604013,754.4297858078141,39.37,Fear,26.0,26.0,2025-03-29
2025-03-30,568,15795.11514,27.8083013028169,0.0,221.1953359721309,0.16549295774647887,1228.7883562622185,40.44,Fear,32.0,32.0,2025-03-30
2025-03-31,495,6978.184557,14.097342539393939,0.580795,323.1311708660487,0.5232323232323233,2508.1978223434344,39.85,Fear,34.0,34.0,2025-03-31
2025-04-01,371,2553.537968,6.882851665768194,0.0,75.44665860042967,0.20215633423180593,527.6448478167116,7.709,Fear,34.0,34.0,2025-04-01
2025-04-02,2512,416876.88812,165.9541752070064,0.0,2184.1682347008123,0.276671974522293,455.5059792754777,19.155,Fear,44.0,44.0,2025-04-02
2025-04-03,2402,182075.566585,75.80165136761032,0.0,940.9538347121356,0.25353871773522063,395.2333713405495,46.765,Fear,25.0,25.0,2025-04-03
2025-04-04,1272,-25515.678949999998,-20.05949602987421,0.0,581.2639206142574,0.38757861635220126,1120.6597571933962,53.055,Fear,28.0,28.0,2025-04-04
2025-04-13,1321,48696.021521,36.86299888039364,0.0,312.0512492817143,0.3618470855412566,1965.6295054111279,9.0,Neutral,45.0,45.0,2025-04-13
2025-04-14,890,45680.443063,51.32634052022472,0.0,371.3131179694784,0.42247191011235957,286.77110902247193,9.129999999999999,Fear,31.0,31.0,2025-04-14
2025-04-15,1131,72357.706282,63.976751796640144,0.621726,509.9926590211078,0.5720601237842617,293.8851419244032,0.05328,Fear,38.0,38.0,2025-04-15
2025-04-16,1608,58631.730257,36.46251881654229,0.0,398.1610312928065,0.3401741293532338,426.35041916666665,0.8777900000000001,Fear,29.0,29.0,2025-04-16
2025-04-17,1031,5427.919886,5.264713759456837,0.0,35.53346284252171,0.30358874878758485,640.3218788263822,36.09,Fear,30.0,30.0,2025-04-17
2025-04-18,1894,4880.4047439999995,2.576771248152059,0.055965,859.4371749589807,0.5126715945089757,168.47467762935585,17.645,Fear,33.0,33.0,2025-04-18
2025-04-19,2786,71950.577495,25.82576363783202,0.0,250.8012104737391,0.2921751615218952,962.5265927287832,20.32,Fear,32.0,32.0,2025-04-19
2025-04-20,1982,25060.341936,12.643966668012109,0.0,302.1540722308167,0.3985872855701312,913.837193026993,18.145000000000003,Fear,37.0,37.0,2025-04-20
2025-04-21,1718,34369.267906999994,20.005394590803256,0.0,542.9010428308851,0.3940628637951106,1357.9894243189756,0.7280949999999999,Fear,39.0,39.0,2025-04-21
2025-04-22,2998,58652.763578,19.563963835223483,0.0,373.4606094578802,0.2961974649766511,10907.10866740984,100.0,Neutral,47.0,47.0,2025-04-22
2025-04-23,6159,-419020.225731,-68.03380836678032,0.0,1461.7777309431785,0.324728040266277,11495.453516889105,211.0,Greed,72.0,72.0,2025-04-23
2025-04-24,2232,50704.395965,22.717023281810036,0.0,155.5360185297309,0.4135304659498208,1915.6277568951612,1.3,Greed,63.0,63.0,2025-04-24
2025-04-25,1653,20218.859206,12.231614764670297,0.0,77.93985191492679,0.38596491228070173,1990.6768726433152,5.24,Greed,60.0,60.0,2025-04-25
2025-04-26,1131,-4125.753942,-3.6478814694960215,0.0,52.04454647609949,0.1724137931034483,7493.097777524315,8.3,Greed,65.0,65.0,2025-04-26
2025-04-27,337,2702.067468,8.018004356083086,0.0,45.32483984864426,0.3560830860534125,11535.401438338278,61.34,Greed,61.0,61.0,2025-04-27
2025-04-28,1379,36906.813759,26.763461754169686,0.0,381.983103446108,0.4169688179840464,156.09084929659173,0.22242,Neutral,54.0,54.0,2025-04-28
2025-04-29,2243,125749.613427,56.06313572313866,0.0,420.73601102444695,0.43201069995541685,132.62681905929557,12.87,Greed,60.0,60.0,2025-04-29
2025-04-30,1113,14003.797269,12.582028094339623,0.0,64.65423825477585,0.26504941599281223,140.14025361185983,7.9,Greed,56.0,56.0,2025-04-30
2025-05-01,239,3187.719363,13.337737920502093,0.0,59.881873800685874,0.41841004184100417,1088.4268306694562,91.0,Neutral,53.0,53.0,2025-05-01
2025-05-02,1297,56706.235562,43.721075992289904,0.0,444.31734690264386,0.3215111796453354,907.2909145258288,16.3,Greed,67.0,67.0,2025-05-02
2025-05-03,1660,269328.365917,162.24600356445782,34.0166975,1724.8671279418056,0.7584337349397591,395.54231454216864,70.0,,,,2025-05-03
2025-05-04,360,35907.33771,99.74260475,1.814678,333.05923440903956,0.5805555555555556,4383.427402332916,34.565,,,,2025-05-04
2025-06-01,573,6064.185393,10.583220581151831,0.0,104.19079085435088,0.15532286212914484,1067.2190506108202,195.0,,,,2025-06-01
2025-06-02,1703,33803.799733,19.84955944392249,0.0,609.1348918969087,0.46095126247798,1467.1614553846152,78.45,,,,2025-06-02
2025-06-03,760,16101.125561,21.18569152763158,0.0,163.11101162302057,0.48026315789473684,177.09613988157895,34.19,,,,2025-06-03
2025-06-04,1048,47053.449272,44.89832945801527,0.0,464.3283247115555,0.31679389312977096,1001.9369383523092,75.0,,,,2025-06-04
2025-07-01,637,16098.227531,25.271942748822607,6.222816,79.2581805510636,0.7613814756671899,3348.320688273155,400.0,,,,2025-07-01
2025-07-02,1524,22450.002091,14.730972500656167,0.0,94.68612173896997,0.2821522309711286,22272.25599020997,35.35,,,,2025-07-02
2025-07-03,2552,150236.061627,58.86993010462382,0.231811,278.36230520474373,0.5223354231974922,524.3708673981191,50.0,,,,2025-07-03
2025-07-04,2814,34527.370305,12.269854408315563,0.0,651.4553059500641,0.23916133617626156,1390.211987228145,164.26999999999998,,,,2025-07-04
2025-08-01,1039,130117.090554,125.23300342059672,0.0,2408.3681940977062,0.37151106833493747,1263.6605648796922,44.3,,,,2025-08-01
2025-08-02,575,586.703253,1.0203534834782608,0.0,11.464135616658202,0.19130434782608696,1982.8812648521741,20.0,,,,2025-08-02
2025-08-03,529,24700.773359,46.69333338185255,4.088704,218.21981324664878,0.5689981096408318,8446.890769432892,39.01,,,,2025-08-03
2025-08-04,943,34899.394798,37.00890222481442,0.0,299.82321782812363,0.4093319194061506,1011.6980223463945,14.2,,,,2025-08-04
2025-09-01,522,46975.928902,89.99220096168582,0.0,658.1149316624325,0.2777777777777778,737.3802749042145,42.825,,,,2025-09-01
2025-09-02,764,150551.829492,197.05736844502616,0.0,2082.4614891202827,0.4306282722513089,5908.921243638743,30.0,,,,2025-09-02
2025-09-03,1422,19773.457395,13.905384947257385,0.0,83.14231057374892,0.4409282700421941,173.21962450070322,33.035,,,,2025-09-03
2025-09-04,3967,43120.444797,10.86978694151752,0.0,768.8032668175019,0.43055205444920597,758.795106145702,1.0,,,,2025-09-04
2025-10-01,819,-10116.875552,-12.352717401709402,0.63832,816.5240640739952,0.5274725274725275,1308.920472124542,28.18,,,,2025-10-01
2025-10-02,889,63908.49465,71.88807047244094,0.0,921.8916254848083,0.4780652418447694,10125.99166113611,17.49,,,,2025-10-02
2025-10-03,2911,-10010.027269999999,-3.438690233596702,0.0,598.2310344559482,0.39745791824115423,249.46059332531777,40.33,,,,2025-10-03
2025-10-04,2127,158261.822261,74.40612236060178,0.05977,528.5261250033769,0.5289139633286318,1469.0281386025783,1.16736,,,,2025-10-04
2025-11-01,283,2269.080536,8.017952424028268,0.0,43.43091035574405,0.24381625441696114,359.6628438162544,5.04,,,,2025-11-01
2025-11-02,848,-6093.784817,-7.186067001179245,0.0,127.34220698976809,0.21816037735849056,1503.7326192688681,75.515,,,,2025-11-02
2025-11-03,3286,-76880.729036,-23.3964482763238,0.0,284.15739785646804,0.18746195982958003,6645.926485982957,38.34,,,,2025-11-03
2025-11-04,1096,126406.479081,115.33437872354014,0.0,1053.703425023061,0.3357664233576642,575.8179395620438,15.485,,,,2025-11-04
2025-12-01,602,5742.241803,9.538607646179402,0.72332,150.46366054945935,0.7840531561461794,1121.4513145847175,259.35,,,,2025-12-01
2025-12-02,1031,19848.635032,19.251828353055284,0.0,351.50279374147897,0.4626576139670223,1153.2497903200776,21.58,,,,2025-12-02
2025-12-03,3968,288105.984215,72.60735489289314,1.6060059999999998,541.1021890156194,0.5645161290322581,3113.656990201613,45.275000000000006,,,,2025-12-03
2025-12-04,2109,410419.694533,194.60393292223802,0.0,3804.4483148577447,0.2721669037458511,822.3707683594121,0.33604,,,,2025-12-04
